{
    "name": "ds_population_raw_tsv",
    "properties": {
        "linkedServiceName": {
            "referenceName": "ls_adls_covidreportingdl",
            "type": "LinkedServiceReference"
        },
        "annotations": [],
        "type": "DelimitedText",
        "typeProperties": {
            "location": {
                "type": "AzureBlobFSLocation",
                "fileName": "population_age.tsv",
                "fileSystem": "raw"
            },
            "columnDelimiter": "\t",
            "escapeChar": "\\",
            "firstRowAsHeader": true,
            "quoteChar": "\""
        },
        "schema": []
    },
    "type": "Microsoft.DataFactory/factories/datasets"
}