{
    "name": "ds_population_raw_gz",
    "properties": {
        "linkedServiceName": {
            "referenceName": "ls_blob_covidreportingsa",
            "type": "LinkedServiceReference"
        },
        "annotations": [],
        "type": "DelimitedText",
        "typeProperties": {
            "location": {
                "type": "AzureBlobStorageLocation",
                "fileName": "population_by_age.tsv.gz",
                "container": "population"
            },
            "columnDelimiter": "\t",
            "compressionCodec": "gzip",
            "compressionLevel": "Optimal",
            "escapeChar": "\\",
            "firstRowAsHeader": true,
            "quoteChar": "\""
        },
        "schema": []
    },
    "type": "Microsoft.DataFactory/factories/datasets"
}