{
    "now": "2024-03-11T13:47:29.379Z",
    "perfNow": 2553093,
    "diagnosticCorrelation": "3cd8b080-6a02-4301-96e5-def20b3e5d01",
    "source": "DownloadSupportFiles",
    "environment": {
        "productName": "adf",
        "buildVersion": "1.0.021624.1",
        "environmentType": 3,
        "resourceName": "az-ncpl-ls-2276",
        "resourceRegion": "eastus",
        "resourceGroup": "Azstrblob2276",
        "subscriptionId": "dd30dbf6-be48-4735-82a0-fe3f15988bb8",
        "sessionId": "UFjfVO1/oGZF15QSFiXY4t",
        "operationId": "",
        "gitType": "live",
        "loggingKey": "e1a825dc-ed1f-438e-8002-689efc8090af"
    },
    "additionalInfo": {
        "selectedResource": "pl_ingest_population_data",
        "selectedResourceType": "pipeline"
    }
}